time/total_timesteps,rollout/episode_avg_distance,rollout/episode_reward,eval/mean_reward,eval/mean_ep_length,eval/success_rate,rollout/success_rate_window,rollout/episode_success,time/time_elapsed,time/iterations,rollout/success_rate,rollout/ep_rew_mean,rollout/ep_len_mean,time/fps,train/entropy_loss,train/value_loss,train/std,train/explained_variance,train/approx_kl,train/loss,train/clip_fraction,train/policy_gradient_loss,train/clip_range,train/n_updates,train/learning_rate
10000,0.34209742426873946,-4.829532938543707,-8103.6435546875,1600.0,0.0,0.0,0.0,,,,,,,,,,,,,,,,,
20000,0.47414677308250625,-3.875420717522502,-8101.95166015625,1600.0,0.0,0.0,0.0,,,,,,,,,,,,,,,,,
30000,0.548874141860873,-5.615584295243025,-7880.6796875,1600.0,0.0,0.0,0.0,,,,,,,,,,,,,,,,,
32768,0.7194828503946293,-17.181121634785086,,,,0.0,0.0,13,1,0.0,-1110.4859619140625,196.31,2505,,,,,,,,,,,
40000,0.5049141981063174,-16.539608757942915,-9241.462890625,1600.0,0.0,0.0,0.0,,,,,,,-9.934281361754984,0.17855877795773267,1.000174880027771,-0.049169182777404785,0.009062646,-0.03731934726238251,0.109619140625,-0.005547307886445196,0.2,8,0.0003
50000,0.3764751596452474,-4.567585743032396,-9721.365234375,1600.0,0.0,0.0,0.0,,,,,,,,,,,,,,,,,
60000,0.7071521556446106,-9.43432399071753,-7678.43505859375,1600.0,0.0,0.0,0.0,,,,,,,,,,,,,,,,,
65536,0.3806430765479014,-2.809693403542042,,,,0.0,0.0,30,2,0.0,-1367.75537109375,246.8,2138,,,,,,,,,,,
70000,0.3903365236410436,-2.6060775835067034,-8823.4189453125,1600.0,0.0,0.0,0.0,,,,,,,-9.922631569206715,0.015949904819080984,0.9978726506233215,0.6686564385890961,0.008802989,-0.04082006588578224,0.11158370971679688,-0.006229310297953816,0.2,16,0.0003
